time,location 0,location 1,location 2,location 3,location 4,location 5,location 6,location 7,location 8,location 9
16:19:45,0.009999999776482582,0.5020385980606079,0.5020385980606079,0.5020385980606079,0.5020385980606079,0.5020385980606079,0.5020385980606079,0.5020385980606079,0.5020385980606079,0.5020385980606079
16:19:46,0.009999999776482582,0.5010345578193665,0.5010345578193665,0.5010345578193665,0.5010345578193665,0.5010345578193665,0.5010345578193665,0.5010345578193665,0.5010345578193665,0.5010345578193665
16:19:47,0.009999999776482582,0.5000324845314026,0.5000324845314026,0.5000324845314026,0.5000324845314026,0.5000324845314026,0.5000324845314026,0.5000324845314026,0.5000324845314026,0.5000324845314026
16:19:48,0.009999999776482582,0.4990324079990387,0.4990324079990387,0.4990324079990387,0.4990324079990387,0.4990324079990387,0.4990324079990387,0.4990324079990387,0.4990324079990387,0.4990324079990387
16:19:49,0.009999999776482582,0.5040227174758911,0.5040227174758911,0.5040227174758911,0.5040227174758911,0.5040227174758911,0.5040227174758911,0.5040227174758911,0.5040227174758911,0.5040227174758911
